{
  "users": {
    "6281575886399@s.whatsapp.net": {
      "afkTime": -1,
      "afkReason": "",
      "limit": "Infinity"
    },
    "6285726335763@s.whatsapp.net": {
      "afkTime": -1,
      "afkReason": "",
      "limit": "Infinity"
    }
  },
  "chats": {
    "6281575886399@s.whatsapp.net": {
      "mute": false,
      "antilink": false
    },
    "6285726335763@s.whatsapp.net": {
      "mute": false,
      "antilink": false
    },
    "120363024537480147@g.us": {
      "mute": false,
      "antilink": false
    },
    "27657441178@s.whatsapp.net": {
      "mute": false,
      "antilink": false
    }
  },
  "database": {},
  "game": {
    "tebaklagu": [],
    "family100": [],
    "math": [],
    "tebakgambar": [],
    "tebakkata": [],
    "lontong": [],
    "lontong_desk": [],
    "kalimat": [],
    "lirik": [],
    "tebakan": []
  },
  "settings": {
    "6288220284059@s.whatsapp.net": {
      "anticall": true,
      "status": 0,
      "autobio": false,
      "templateImage": false,
      "templateVideo": false,
      "templateGif": false,
      "templateMsg": false,
      "templateLocation": true
    },
    "6285726335763@s.whatsapp.net": {
      "anticall": true,
      "status": 0,
      "autobio": false,
      "templateImage": true,
      "templateVideo": false,
      "templateGif": false,
      "templateMsg": false,
      "templateLocation": false
    }
  },
  "others": {
    "vote": []
  },
  "sticker": {},
  "anonymous": {
    "1658209325882": {
      "id": 1658209325882,
      "a": "6281575886399@s.whatsapp.net",
      "b": "",
      "state": "WAITING"
    }
  }
}